{
    "variaveis":[
        2.3479321554472179, 
        2.3725328067552316,
        2.5615077441416849,
        1.2181508523389344,
        1.559047417292061,
        2.6128281280700278,
        2.0561110192615129
    ],
    "n":7,
    "J1":2.3479321554472179,
    "J2":2.3725328067552316,
    "Bm":2.5615077441416849,
    "Ksw":1.2181508523389344,
    "kt":1.559047417292061,
    "Rjan":2.6128281280700278,
    "rel":2.0561110192615129,
    "Ke":0.945,
    "k":0.505,
    "Ku":0.90700000000000014,
    "Bs":1.8,
    "Br":1.2,
    "f":60,
    "Dfe":7650,
    "V1":0.22,
    "V2":13.8,
    "V2menor":10.2,
    "Vf1":0.12701705922171769,
    "Vf2":13.8,
    "Vmedio2":12,
    "Vf2menor":10.2,
    "Q":150,
    "Qf":50,
    "Et":19.094353285847543,
    "N1":6.6520744285097564,
    "N2":722.72675557063042,
    "Ac":27981.762103267698,
    "Abc":29610.330268008147,
    "So":32646.450130108209,
    "dc":203.87925667138913,
    "col10":0.71235613420148569
}